model,clip_id,segment_id,speaker_id,condition,noise_type,snr_db,ratio_english_words,ratio_hindi_words,reference,hypothesis,wer,cer,latency_sec
xlsr_wav2vec2,clip_0000,598753_406yMKxIdSDHRf8H_0069,598753,clean,none,clean,0.4444444444444444,0.5555555555555556,context menu खोलने के लिए अब right click करें,े के लिए अब राईट टलेक करे,0.6666666666666666,0.6222222222222222,0.4355168342590332
xlsr_wav2vec2,clip_0000,598753_406yMKxIdSDHRf8H_0069,598753,traffic,traffic,15,0.4444444444444444,0.5555555555555556,context menu खोलने के लिए अब right click करें,े के लिए अब राईट कलेक करेपप,0.6666666666666666,0.6444444444444445,0.08440279960632324
xlsr_wav2vec2,clip_0000,598753_406yMKxIdSDHRf8H_0069,598753,traffic,traffic,10,0.4444444444444444,0.5555555555555556,context menu खोलने के लिए अब right click करें,े के लिय अब राईट पलेक करेाााााा,0.7777777777777778,0.7555555555555555,0.08584952354431152
xlsr_wav2vec2,clip_0000,598753_406yMKxIdSDHRf8H_0069,598753,traffic,traffic,5,0.4444444444444444,0.5555555555555556,context menu खोलने के लिए अब right click करें,े के लिए अब राईट टलक करें,0.5555555555555556,0.6,0.07933664321899414
xlsr_wav2vec2,clip_0000,598753_406yMKxIdSDHRf8H_0069,598753,babble,babble,15,0.4444444444444444,0.5555555555555556,context menu खोलने के लिए अब right click करें,े के लियए अब राईट कलेक करे दहहन आ वनाठ जियम,1.2222222222222223,0.8666666666666667,0.07501769065856934
xlsr_wav2vec2,clip_0000,598753_406yMKxIdSDHRf8H_0069,598753,babble,babble,10,0.4444444444444444,0.5555555555555556,context menu खोलने के लिए अब right click करें,े के लिए अब स राई मिबलेक करे होंदे ुव गर खा सिमपरसे कंछ्तुम थू टर,1.6666666666666667,1.1777777777777778,0.07780313491821289
xlsr_wav2vec2,clip_0000,598753_406yMKxIdSDHRf8H_0069,598753,babble,babble,5,0.4444444444444444,0.5555555555555556,context menu खोलने के लिए अब right click करें,े के लियं अबर क्पलाई नमुगले अन क रहें िहैयिन्हूसक फोछ सै उसे सया ताह दु,1.7777777777777777,1.3111111111111111,0.08196282386779785
xlsr_wav2vec2,clip_0000,598753_406yMKxIdSDHRf8H_0069,598753,indoor,indoor,15,0.4444444444444444,0.5555555555555556,context menu खोलने के लिए अब right click करें,के लिये अब राईट पलेक करे,0.7777777777777778,0.7111111111111111,0.08582520484924316
xlsr_wav2vec2,clip_0000,598753_406yMKxIdSDHRf8H_0069,598753,indoor,indoor,10,0.4444444444444444,0.5555555555555556,context menu खोलने के लिए अब right click करें,े के लिए अब शराईट खलेक करे,0.6666666666666666,0.6222222222222222,0.07940316200256348
xlsr_wav2vec2,clip_0000,598753_406yMKxIdSDHRf8H_0069,598753,indoor,indoor,5,0.4444444444444444,0.5555555555555556,context menu खोलने के लिए अब right click करें,ह के लिए अब फराईट लेक परे,0.6666666666666666,0.6666666666666666,0.07546138763427734
xlsr_wav2vec2,clip_0001,478254_aVTioioyNUVPGF4t_0153,478254,clean,none,clean,0.1666666666666666,0.8333333333333334,अच्छी bandwidth न मिलने पर आप इसे download करके देख सकते हैं,ंशेत करता हैअछी बंट बेट नाम मिलने पर आपी से रड़ों खरिके देक सकते हैइसप,1.0,0.6666666666666666,0.12044286727905273
xlsr_wav2vec2,clip_0001,478254_aVTioioyNUVPGF4t_0153,478254,traffic,traffic,15,0.1666666666666666,0.8333333333333334,अच्छी bandwidth न मिलने पर आप इसे download करके देख सकते हैं,ंशेत करता है अछी बहंट बेट इनाम मिलने पर आपी से रडोंन खरिके देख सकते हैइस,1.0,0.6666666666666666,0.1172795295715332
xlsr_wav2vec2,clip_0001,478254_aVTioioyNUVPGF4t_0153,478254,traffic,traffic,10,0.1666666666666666,0.8333333333333334,अच्छी bandwidth न मिलने पर आप इसे download करके देख सकते हैं,म सेत करता है अछी बंट भे टनाम मिलने पर आपी से रमडों करड़िके देख सकते हैइस्प,1.0833333333333333,0.7,0.11764097213745117
xlsr_wav2vec2,clip_0001,478254_aVTioioyNUVPGF4t_0153,478254,traffic,traffic,5,0.1666666666666666,0.8333333333333334,अच्छी bandwidth न मिलने पर आप इसे download करके देख सकते हैं,न सुत करता है अछी बहंट भे टनाम मिलने पर आपीसे रड़ों कड़िके डूक सकते हैइसा,1.1666666666666667,0.75,0.1163640022277832
xlsr_wav2vec2,clip_0001,478254_aVTioioyNUVPGF4t_0153,478254,babble,babble,15,0.1666666666666666,0.8333333333333334,अच्छी bandwidth न मिलने पर आप इसे download करके देख सकते हैं,ंशेत करता है अछी बहंट वे नामिनने पर आपि से रांलों खरिके देख सकते हैइसप,1.0,0.6666666666666666,0.11827588081359863
xlsr_wav2vec2,clip_0001,478254_aVTioioyNUVPGF4t_0153,478254,babble,babble,10,0.1666666666666666,0.8333333333333334,अच्छी bandwidth न मिलने पर आप इसे download करके देख सकते हैं,र से करता है से गच्ची बंड भे टनाम मिलनेर और आपीसे रवलोंथ करिके देक सक अलायाइ सदस खापरमाएसमैफाद हइस,1.6666666666666667,1.1666666666666667,0.11830449104309082
xlsr_wav2vec2,clip_0001,478254_aVTioioyNUVPGF4t_0153,478254,babble,babble,5,0.1666666666666666,0.8333333333333334,अच्छी bandwidth न मिलने पर आप इसे download करके देख सकते हैं,नगजल का होता है मज़ अचकी बहंट बेट नाम ममिलने पर आपी शे रंगलोट करिके देखला छोती है औपनद लोड और अब लेगो,1.8333333333333333,1.1666666666666667,0.11790037155151367
xlsr_wav2vec2,clip_0001,478254_aVTioioyNUVPGF4t_0153,478254,indoor,indoor,15,0.1666666666666666,0.8333333333333334,अच्छी bandwidth न मिलने पर आप इसे download करके देख सकते हैं,ंशेत करता है अछी बहंट भेट नाम मिलने पर आपि से रंगों करड़िके देख सकते हैइस,1.0,0.65,0.1174161434173584
xlsr_wav2vec2,clip_0001,478254_aVTioioyNUVPGF4t_0153,478254,indoor,indoor,10,0.1666666666666666,0.8333333333333334,अच्छी bandwidth न मिलने पर आप इसे download करके देख सकते हैं,मसेत करता है अछी बहंट बे टनाम मिलने पर आपि से रड़ों करड़िके देख सकते हैइस,1.0,0.6666666666666666,0.11992883682250977
xlsr_wav2vec2,clip_0001,478254_aVTioioyNUVPGF4t_0153,478254,indoor,indoor,5,0.1666666666666666,0.8333333333333334,अच्छी bandwidth न मिलने पर आप इसे download करके देख सकते हैं,मशेत करता है आझी बहंट बेटनाम मिलने पर आपिसे रड़ों खड़के देख सकते हैइस्,0.9166666666666666,0.6666666666666666,0.12399482727050781
xlsr_wav2vec2,clip_0002,453832_n3lwFhZkSdbJkOa0_0043,453832,clean,none,clean,0.25,0.75,चूँकि सम्भवतः english india के पास वो शब्दकोष न हो जिसकी अपेक्षा spell check को है हम भाषा को english usa में बदल देंगे,िया ने डालेत हैचोकी समबहोता इंगलश इनडियाँ के पास कोर सगब्द कोछ नहो दिस्की अपेकशा स्पल चकको है हम बाछा को इनंगलेछ हिवे,0.9166666666666666,0.680672268907563,0.15387511253356934
xlsr_wav2vec2,clip_0002,453832_n3lwFhZkSdbJkOa0_0043,453832,traffic,traffic,15,0.25,0.75,चूँकि सम्भवतः english india के पास वो शब्दकोष न हो जिसकी अपेक्षा spell check को है हम भाषा को english usa में बदल देंगे,्या ने डालेत हैचों के सम् होता इंगलिछ इडियाँ के पास कोर सब्द कोछन हो इसकि अपे कसा स्पल चकको है हम बाछा को इनंलेछ कियव,0.9583333333333334,0.7058823529411765,0.14711666107177734
xlsr_wav2vec2,clip_0002,453832_n3lwFhZkSdbJkOa0_0043,453832,traffic,traffic,10,0.25,0.75,चूँकि सम्भवतः english india के पास वो शब्दकोष न हो जिसकी अपेक्षा spell check को है हम भाषा को english usa में बदल देंगे,्या ने ठालेथ हाैछोकी सम होता इन्बेस उनग्या के पास कोर सबद कोछ न हो इसकि अपे खइसा स्तल चक्को है हम बासा को इनलेछ लियो,0.9166666666666666,0.7058823529411765,0.15069866180419922
xlsr_wav2vec2,clip_0002,453832_n3lwFhZkSdbJkOa0_0043,453832,traffic,traffic,5,0.25,0.75,चूँकि सम्भवतः english india के पास वो शब्दकोष न हो जिसकी अपेक्षा spell check को है हम भाषा को english usa में बदल देंगे,्या ने ठारेत हैज़ो की समब होता इंगलछ इंडियाँ के पास कोर ग्द कोछ न हो दिस्की अपेकशा स्दल चक् को है हम बाछा को इनगले िव,0.9166666666666666,0.6890756302521008,0.14896464347839355
xlsr_wav2vec2,clip_0002,453832_n3lwFhZkSdbJkOa0_0043,453832,babble,babble,15,0.25,0.75,चूँकि सम्भवतः english india के पास वो शब्दकोष न हो जिसकी अपेक्षा spell check को है हम भाषा को english usa में बदल देंगे,िया ने डाले थाहले बारचोंकी समब होता मइंगछ इनडियाँ के पास कोर सबली कोछ न हूँदिस्की अपेखशा इसदल चक को है आन हम भाछा को इनगले हिे,1.0,0.773109243697479,0.15231561660766602
xlsr_wav2vec2,clip_0002,453832_n3lwFhZkSdbJkOa0_0043,453832,babble,babble,10,0.25,0.75,चूँकि सम्भवतः english india के पास वो शब्दकोष न हो जिसकी अपेक्षा spell check को है हम भाषा को english usa में बदल देंगे,्या ने ठालेत हलते माज़ सोप चो की समब होता मइंगलछ इनड्याँ के पास ो छबा गोछ अना हो दिस्किल अब बेएखसा स्पल चकअको है रई म खम बाछा को इंले किवे,1.2083333333333333,0.8823529411764706,0.1491227149963379
xlsr_wav2vec2,clip_0002,453832_n3lwFhZkSdbJkOa0_0043,453832,babble,babble,5,0.25,0.75,चूँकि सम्भवतः english india के पास वो शब्दकोष न हो जिसकी अपेक्षा spell check को है हम भाषा को english usa में बदल देंगे,्या नेिनडालम नेखोंनी फूचु्की सम्बहोता ना इंगश इनडियाँ के पाड़ रुशों गोस ज़ुना हों खड़ बाँम इछलुई अलगे रसा एक बलचा रससांसहम बाछा को इनंगले रकियों,1.0833333333333333,0.9663865546218487,0.1522083282470703
xlsr_wav2vec2,clip_0002,453832_n3lwFhZkSdbJkOa0_0043,453832,indoor,indoor,15,0.25,0.75,चूँकि सम्भवतः english india के पास वो शब्दकोष न हो जिसकी अपेक्षा spell check को है हम भाषा को english usa में बदल देंगे,िया ने डालेत हैचों की समबहोटा इंगलश इनडियाँ के पास को सब्दको शना हो इसकि अपेक शा स्तल चकको है हम बाछा को इनलेछ लिए,0.9166666666666666,0.6890756302521008,0.14951419830322266
xlsr_wav2vec2,clip_0002,453832_n3lwFhZkSdbJkOa0_0043,453832,indoor,indoor,10,0.25,0.75,चूँकि सम्भवतः english india के पास वो शब्दकोष न हो जिसकी अपेक्षा spell check को है हम भाषा को english usa में बदल देंगे,्या ने डालेत है्ो की समबहोटा इंगलश इनडि्याँ के पास को सब्द को सना हो इसकि अपेकशा स्तल चक्को है हम बाछा को इनले ि,0.9583333333333334,0.7142857142857143,0.14964056015014648
xlsr_wav2vec2,clip_0002,453832_n3lwFhZkSdbJkOa0_0043,453832,indoor,indoor,5,0.25,0.75,चूँकि सम्भवतः english india के पास वो शब्दकोष न हो जिसकी अपेक्षा spell check को है हम भाषा को english usa में बदल देंगे,्या ने डारेत हैचो के सम् होता इंगश इनडिया के पास को सद्द को सना हो दइसकि अपेकशा सतल चक को है हम बाछा को इनलेकिह,0.9583333333333334,0.6890756302521008,0.14832305908203125
xlsr_wav2vec2,clip_0003,521245_Psh5UDSFbhWLZ3gk_0055,521245,clean,none,clean,0.3636363636363636,0.6363636363636364,थंडरबर्ड के ज़रिये याहू अकाउंट stusertwo@yahoo dot in को कन्फिगर करें,िहरिे याहुआ का ऊंट अस्थी यबटू एट याहू डोट इन को कन फिगर कनेमैने याह,1.2727272727272727,0.7681159420289855,0.16486191749572754
xlsr_wav2vec2,clip_0003,521245_Psh5UDSFbhWLZ3gk_0055,521245,traffic,traffic,15,0.3636363636363636,0.6363636363636364,थंडरबर्ड के ज़रिये याहू अकाउंट stusertwo@yahoo dot in को कन्फिगर करें,केहरिहे जाहुआ का उंट अस्थी इरे टू एट याहू डोड़ इन को कर फिगर करेमैंने याह,1.3636363636363635,0.7681159420289855,0.16181278228759766
xlsr_wav2vec2,clip_0003,521245_Psh5UDSFbhWLZ3gk_0055,521245,traffic,traffic,10,0.3636363636363636,0.6363636363636364,थंडरबर्ड के ज़रिये याहू अकाउंट stusertwo@yahoo dot in को कन्फिगर करें,के हरिहे जाहुअका उठ अस्थी युर टू एट याहू डोट इन को करती कर करामैंने याह,1.3636363636363635,0.8260869565217391,0.16644525527954102
xlsr_wav2vec2,clip_0003,521245_Psh5UDSFbhWLZ3gk_0055,521245,traffic,traffic,5,0.3636363636363636,0.6363636363636364,थंडरबर्ड के ज़रिये याहू अकाउंट stusertwo@yahoo dot in को कन्फिगर करें,के ज़री है याहआ का उठ अँस्टी यर टू एट याहू डोट इन को करथि कर कनेमैने या ह,1.6363636363636365,0.855072463768116,0.16139841079711914
xlsr_wav2vec2,clip_0003,521245_Psh5UDSFbhWLZ3gk_0055,521245,babble,babble,15,0.3636363636363636,0.6363636363636364,थंडरबर्ड के ज़रिये याहू अकाउंट stusertwo@yahoo dot in को कन्फिगर करें,ि हरिे प्याऊट याहुआ का उट तैस्ती यरटू एट याहु दोट इन को करती कर करे आवए शवंक पम खालईं अप दसंट रो आ हँसतन सापआई डोन मैने इयाह,2.5454545454545454,1.4927536231884058,0.16544795036315918
xlsr_wav2vec2,clip_0003,521245_Psh5UDSFbhWLZ3gk_0055,521245,babble,babble,10,0.3636363636363636,0.6363636363636364,थंडरबर्ड के ज़रिये याहू अकाउंट stusertwo@yahoo dot in को कन्फिगर करें,े रलिये अपियाँ जाहुर औज होँअस्टी इररटू उन ैड़ जाहु डोच इन को करेके गर करहैथतोस्ते टिपाटमैंट ैनड अद एजन सीसअनड खाकस अन बोगस खोड़ ने लने लयाह,2.4545454545454546,1.681159420289855,0.16772842407226562
xlsr_wav2vec2,clip_0003,521245_Psh5UDSFbhWLZ3gk_0055,521245,babble,babble,5,0.3636363636363636,0.6363636363636364,थंडरबर्ड के ज़रिये याहू अकाउंट stusertwo@yahoo dot in को कन्फिगर करें,बिज़ल यह पी नहीर जाहुआ काहऊट इस्त रिजुदम बू एट जाहो डोछो औन को कड़ने गरगाक छोड़ दसट्यापसहँ सोट ठवावआएं इन हमस हैयआध हँसरो आप मैंनेक जाह,2.3636363636363638,1.6376811594202898,0.16483092308044434
xlsr_wav2vec2,clip_0003,521245_Psh5UDSFbhWLZ3gk_0055,521245,indoor,indoor,15,0.3636363636363636,0.6363636363636364,थंडरबर्ड के ज़रिये याहू अकाउंट stusertwo@yahoo dot in को कन्फिगर करें,े ररिहे जाहुअ का ऊंट अस्थी युलटू एट जाहू डोट इन को कन फिगर करेपेीपीपीपीपीपीीपीपीपीपीीीखीीमैंने जाह,1.3636363636363635,1.144927536231884,0.1675269603729248
xlsr_wav2vec2,clip_0003,521245_Psh5UDSFbhWLZ3gk_0055,521245,indoor,indoor,10,0.3636363636363636,0.6363636363636364,थंडरबर्ड के ज़रिये याहू अकाउंट stusertwo@yahoo dot in को कन्फिगर करें,े रही ह जाहुआ का उट अस्टी यरे टू एट जाहू डोर इन को करथिकर परेमैंने जाह,1.4545454545454546,0.8115942028985508,0.1662893295288086
xlsr_wav2vec2,clip_0003,521245_Psh5UDSFbhWLZ3gk_0055,521245,indoor,indoor,5,0.3636363636363636,0.6363636363636364,थंडरबर्ड के ज़रिये याहू अकाउंट stusertwo@yahoo dot in को कन्फिगर करें,े जरीहे जाहु अकाऊन अस्थी इध टू एट जाहू दोर इन को करती ज करेेपेपेपे े पे पी पी पे पे पे पे ेमैंने याह,2.1818181818181817,1.2028985507246377,0.16645097732543945
xlsr_wav2vec2,clip_0004,103085_w5Jyq3XMbb3WwiKQ_0028,103085,clean,none,clean,0.1578947368421052,0.8421052631578947,हम देख सकते हैं कि एक नई duplicate slide हमारी पहली बनाई गई slide के बाद जोड़ी गई है,िकेर ससाड़ पर कले करे हम देक सकता है कि एक नई डुबली के चलाईड़ हमारी पहली बनाईके सलाएड़ के बात जोड़ी गी है,0.8947368421052632,0.5952380952380952,0.13132905960083008
xlsr_wav2vec2,clip_0004,103085_w5Jyq3XMbb3WwiKQ_0028,103085,traffic,traffic,15,0.1578947368421052,0.8421052631578947,हम देख सकते हैं कि एक नई duplicate slide हमारी पहली बनाई गई slide के बाद जोड़ी गई है,िगेर ससाहएड़ परकल करेहम देक सकता है कि एक नहई डुबली के टछलाईड़ हमारी पेहली बनाईके सलाड़ के बात जोड़ी गी हैँ,1.0,0.6309523809523809,0.1332094669342041
xlsr_wav2vec2,clip_0004,103085_w5Jyq3XMbb3WwiKQ_0028,103085,traffic,traffic,10,0.1578947368421052,0.8421052631578947,हम देख सकते हैं कि एक नई duplicate slide हमारी पहली बनाई गई slide के बाद जोड़ी गई है,िगेर साहड़ थरक लक करे हम देक सकत है की एक नई डुबली के चलाईड़ तअमारी पेहली बनाईके सलाड़ के बात जोड़ी गी हैँ,1.0526315789473684,0.6547619047619048,0.13506245613098145
xlsr_wav2vec2,clip_0004,103085_w5Jyq3XMbb3WwiKQ_0028,103085,traffic,traffic,5,0.1578947368421052,0.8421052631578947,हम देख सकते हैं कि एक नई duplicate slide हमारी पहली बनाई गई slide के बाद जोड़ी गई है,गेर साई थक लेतार हसम्देक सकच हो की एकनहे डुबली के छलाईड़ मरी पहली बनाई करस्लाई के बात जोड़ी गीं हैँ,1.0,0.6904761904761905,0.13646769523620605
xlsr_wav2vec2,clip_0004,103085_w5Jyq3XMbb3WwiKQ_0028,103085,babble,babble,15,0.1578947368421052,0.8421052631578947,हम देख सकते हैं कि एक नई duplicate slide हमारी पहली बनाई गई slide के बाद जोड़ी गई है,िकेर ससाएड़ परक मोक रिनहा रेडा हम देक सकच नहै की एक नएई डुबली के छलाईड़ औ आ मारी पहली बनाईके सलहड़ के बात जोड़ी गी हाए,1.263157894736842,0.8214285714285714,0.13774323463439941
xlsr_wav2vec2,clip_0004,103085_w5Jyq3XMbb3WwiKQ_0028,103085,babble,babble,10,0.1578947368421052,0.8421052631578947,हम देख सकते हैं कि एक नई duplicate slide हमारी पहली बनाई गई slide के बाद जोड़ी गई है,िगेर सड़ परकले करअब द सो भिे हम देक सरद्बे हनोगी एकनेई डुबली केट लाईड़ हमारी पेहली बनाईके रिसलाएड़टके बाज़ जोड़ी गयीं हैँ रु बे दिन औवा,1.368421052631579,1.0357142857142858,0.13511013984680176
xlsr_wav2vec2,clip_0004,103085_w5Jyq3XMbb3WwiKQ_0028,103085,babble,babble,5,0.1578947368421052,0.8421052631578947,हम देख सकते हैं कि एक नई duplicate slide हमारी पहली बनाई गई slide के बाद जोड़ी गई है,िगेल पुड़ाड़ी मरसे इसे गरास उम्दर आ हमदेक सकतन हें की एक नहेई दुपड़ी केड़ी ली लाएन उसरियाग हमारी पेहली बनाईके सलाएड़ों एल बाज़ रोड़ी गयीं हैँपिन जात लहों त,1.4736842105263157,1.1904761904761905,0.13534760475158691
xlsr_wav2vec2,clip_0004,103085_w5Jyq3XMbb3WwiKQ_0028,103085,indoor,indoor,15,0.1578947368421052,0.8421052631578947,हम देख सकते हैं कि एक नई duplicate slide हमारी पहली बनाई गई slide के बाद जोड़ी गई है,िगेर साड़ पर कलक करेहम देक सकतन है की एक नई डुबली के लाईड़ हमारी पेहली बनाईके सलाएड़ के बात जोड़ी गी है,1.0,0.5952380952380952,0.13710689544677734
xlsr_wav2vec2,clip_0004,103085_w5Jyq3XMbb3WwiKQ_0028,103085,indoor,indoor,10,0.1578947368421052,0.8421052631578947,हम देख सकते हैं कि एक नई duplicate slide हमारी पहली बनाई गई slide के बाद जोड़ी गई है,िगेर साड़ पर कले  करे हम देक सकत है की एक नई डुबली के चलाईड़ अमवारी पेहली बनाईके सलाड़ के बात जोड़ी गी हैँ,1.0526315789473684,0.6547619047619048,0.13480257987976074
xlsr_wav2vec2,clip_0004,103085_w5Jyq3XMbb3WwiKQ_0028,103085,indoor,indoor,5,0.1578947368421052,0.8421052631578947,हम देख सकते हैं कि एक नई duplicate slide हमारी पहली बनाई गई slide के बाद जोड़ी गई है,िगेर सलाड़ पक लेकरे हम देक सकतन है की एक नई डुबली के टचलाईड़ तमारी पहली बनाईके सलाईड़ के बात जोड़ी गीं हैँ,1.0,0.6309523809523809,0.13632845878601074
xlsr_wav2vec2,clip_0005,847066_Bmcrju1ByfdrXE9P_0058,847066,clean,none,clean,0.5,0.5,play पर click करें,लिकरहहम ने अब,1.0,0.8888888888888888,0.0685584545135498
xlsr_wav2vec2,clip_0005,847066_Bmcrju1ByfdrXE9P_0058,847066,traffic,traffic,15,0.5,0.5,play पर click करें,लिकरेपहम ने अब,1.0,0.8888888888888888,0.07120609283447266
xlsr_wav2vec2,clip_0005,847066_Bmcrju1ByfdrXE9P_0058,847066,traffic,traffic,10,0.5,0.5,play पर click करें,बलिकरे हम ने अद,1.0,0.8888888888888888,0.06609153747558594
xlsr_wav2vec2,clip_0005,847066_Bmcrju1ByfdrXE9P_0058,847066,traffic,traffic,5,0.5,0.5,play पर click करें,बलिकरेहमने अब,1.0,0.8888888888888888,0.07153749465942383
xlsr_wav2vec2,clip_0005,847066_Bmcrju1ByfdrXE9P_0058,847066,babble,babble,15,0.5,0.5,play पर click करें,लिक्कर है मा कहन फात बहम ने अब,2.0,1.4444444444444444,0.06871652603149414
xlsr_wav2vec2,clip_0005,847066_Bmcrju1ByfdrXE9P_0058,847066,babble,babble,10,0.5,0.5,play पर click करें,लिकर लोकिन माल के पासनफ ज़समने अद,1.75,1.5555555555555556,0.0719442367553711
xlsr_wav2vec2,clip_0005,847066_Bmcrju1ByfdrXE9P_0058,847066,babble,babble,5,0.5,0.5,play पर click करें,बलिट करे मैं आट भं वि अवाग दिरहें ीसेखसपर रमदे अद,2.75,2.3333333333333335,0.07104730606079102
xlsr_wav2vec2,clip_0005,847066_Bmcrju1ByfdrXE9P_0058,847066,indoor,indoor,15,0.5,0.5,play पर click करें,लिकरहहमने अब,1.0,0.8888888888888888,0.06891417503356934
xlsr_wav2vec2,clip_0005,847066_Bmcrju1ByfdrXE9P_0058,847066,indoor,indoor,10,0.5,0.5,play पर click करें,लिकरेहम ने अब,1.0,0.8888888888888888,0.07061290740966797
xlsr_wav2vec2,clip_0005,847066_Bmcrju1ByfdrXE9P_0058,847066,indoor,indoor,5,0.5,0.5,play पर click करें,लिकरे ेहम ने अब,1.0,0.9444444444444444,0.06756019592285156
xlsr_wav2vec2,clip_0006,318923_NhV290ew2hDJfVqc_0014,318923,clean,none,clean,0.5555555555555556,0.4444444444444444,main menu से edit और preferences पर click करें,से ैडिट औपरफरंस स्परकली करेबलगिन टहम्मी न,0.8888888888888888,0.9130434782608695,0.10516095161437988
xlsr_wav2vec2,clip_0006,318923_NhV290ew2hDJfVqc_0014,318923,traffic,traffic,15,0.5555555555555556,0.4444444444444444,main menu से edit और preferences पर click करें,ुसी एडट औपरशड़ं सुस पकदलिक करेलगिन टहम्बी म,1.0,0.9130434782608695,0.10424208641052246
xlsr_wav2vec2,clip_0006,318923_NhV290ew2hDJfVqc_0014,318923,traffic,traffic,10,0.5555555555555556,0.4444444444444444,main menu से edit और preferences पर click करें,ुसे ैडिट औपरशनसु परतल करेपलगिन तहम्बी,1.0,0.8695652173913043,0.10582947731018066
xlsr_wav2vec2,clip_0006,318923_NhV290ew2hDJfVqc_0014,318923,traffic,traffic,5,0.5555555555555556,0.4444444444444444,main menu से edit और preferences पर click करें,ुसी एडिट औपरफरंत सुशस ्परतल करीलगिन टेहहनी ु,1.0,0.9347826086956522,0.11183929443359375
xlsr_wav2vec2,clip_0006,318923_NhV290ew2hDJfVqc_0014,318923,babble,babble,15,0.5555555555555556,0.4444444444444444,main menu से edit और preferences पर click करें,से हअरवोन एडेकेन औपरसुनंच उसी पर चली करे फपासनंच छुद मेलगिन टहहमी स्तन,1.4444444444444444,1.3043478260869565,0.10199379920959473
xlsr_wav2vec2,clip_0006,318923_NhV290ew2hDJfVqc_0014,318923,babble,babble,10,0.5555555555555556,0.4444444444444444,main menu से edit और preferences पर click करें,ुसी उस बाट न अडे है औ चटन ससपर हमा करे अंटवोस ह बलगिल नहम मे न,1.8888888888888888,1.1304347826086956,0.10615825653076172
xlsr_wav2vec2,clip_0006,318923_NhV290ew2hDJfVqc_0014,318923,babble,babble,5,0.5555555555555556,0.4444444444444444,main menu से edit और preferences पर click करें,से गुछवा डिट औपने पड़ गाबलों साछली करी वंदी अंड अबती इलगिन आएम जी रहट,1.6666666666666667,1.2826086956521738,0.10746574401855469
xlsr_wav2vec2,clip_0006,318923_NhV290ew2hDJfVqc_0014,318923,indoor,indoor,15,0.5555555555555556,0.4444444444444444,main menu से edit और preferences पर click करें,ुसे पैडट औपर शुन सुस परतली करीलगिन टहमी,1.0,0.8478260869565217,0.10695862770080566
xlsr_wav2vec2,clip_0006,318923_NhV290ew2hDJfVqc_0014,318923,indoor,indoor,10,0.5555555555555556,0.4444444444444444,main menu से edit और preferences पर click करें,ुसे एडट औपरशुनंस स्परतलिक करी लगिन टहम्बी,1.0,0.9130434782608695,0.10489821434020996
xlsr_wav2vec2,clip_0006,318923_NhV290ew2hDJfVqc_0014,318923,indoor,indoor,5,0.5555555555555556,0.4444444444444444,main menu से edit और preferences पर click करें,ुसे ेडिट औपर शुन सुस परती करीलगिन कहममी,1.0,0.8260869565217391,0.10754132270812988
xlsr_wav2vec2,clip_0007,957491_4xyIm2P6Xzlin341_0111,957491,clean,none,clean,0.125,0.875,टेक्स्ट कलर डायलॉग बॉक्स प्रदर्शित होता है red पर क्लिक करें और ok पर क्लिक करें,करे टखस्त कलहर डालो बोखस पदर से थोता हैशरड़ पर कले करे और ो के पर कले करे,0.9375,0.45,0.15404462814331055
xlsr_wav2vec2,clip_0007,957491_4xyIm2P6Xzlin341_0111,957491,traffic,traffic,15,0.125,0.875,टेक्स्ट कलर डायलॉग बॉक्स प्रदर्शित होता है red पर क्लिक करें और ok पर क्लिक करें,करे टखस्त कलहर डालो बोखस पदर से थोता हैपरहड़ परकले करे और ोके परकले करे,0.9375,0.4625,0.15865182876586914
xlsr_wav2vec2,clip_0007,957491_4xyIm2P6Xzlin341_0111,957491,traffic,traffic,10,0.125,0.875,टेक्स्ट कलर डायलॉग बॉक्स प्रदर्शित होता है red पर क्लिक करें और ok पर क्लिक करें,करे टखस्त कलहर डालो बोखस पल छे थोता हैफरहड़ पर कले करे और ो के पर कले काहें,0.9375,0.4875,0.1570587158203125
xlsr_wav2vec2,clip_0007,957491_4xyIm2P6Xzlin341_0111,957491,traffic,traffic,5,0.125,0.875,टेक्स्ट कलर डायलॉग बॉक्स प्रदर्शित होता है red पर क्लिक करें और ok पर क्लिक करें,आएेटकसत कलहर प्यालो बोखस पर सु होता हैपरहड़ करकले करे और ोके परत लेक करे,0.9375,0.5,0.1555185317993164
xlsr_wav2vec2,clip_0007,957491_4xyIm2P6Xzlin341_0111,957491,babble,babble,15,0.125,0.875,टेक्स्ट कलर डायलॉग बॉक्स प्रदर्शित होता है red पर क्लिक करें और ok पर क्लिक करें,करे या डकसाई कलहर डालो बोखस पदसे थोता हैहआरट पर कक रे हआक थहन और औ के पछले करे गुड़ पाएई,1.1875,0.7,0.14701461791992188
xlsr_wav2vec2,clip_0007,957491_4xyIm2P6Xzlin341_0111,957491,babble,babble,10,0.125,0.875,टेक्स्ट कलर डायलॉग बॉक्स प्रदर्शित होता है red पर क्लिक करें और ok पर क्लिक करें,गरहे ई कू ह अकसे ने गलबर ससनालो बोखस पदरसे थोता है आन आ वना छज़ियमरड़ परकलिकरे ैकऔर औ के परकलेशे गरे,1.3125,0.8375,0.15857148170471191
xlsr_wav2vec2,clip_0007,957491_4xyIm2P6Xzlin341_0111,957491,babble,babble,5,0.125,0.875,टेक्स्ट कलर डायलॉग बॉक्स प्रदर्शित होता है red पर क्लिक करें और ok पर क्लिक करें,इस हद औन लेक बाग कलवा के सनालो बोट फुड़लछे थोता है वरद नीकरोस नम्बर फाल टरक लंगरे और ठेल और ोके परकले कर अद खेस मे भी,1.625,1.0125,0.15598011016845703
xlsr_wav2vec2,clip_0007,957491_4xyIm2P6Xzlin341_0111,957491,indoor,indoor,15,0.125,0.875,टेक्स्ट कलर डायलॉग बॉक्स प्रदर्शित होता है red पर क्लिक करें और ok पर क्लिक करें,करे टखस्त कलहर डालो बोखस पदर से थोता हैपरहड़ पर कले करे और ोके पर कले करे,0.875,0.4375,0.1585848331451416
xlsr_wav2vec2,clip_0007,957491_4xyIm2P6Xzlin341_0111,957491,indoor,indoor,10,0.125,0.875,टेक्स्ट कलर डायलॉग बॉक्स प्रदर्शित होता है red पर क्लिक करें और ok पर क्लिक करें,कड़े टखस्त कलहर डालो बोखस पज़ाछे थोता हैफरहड़ परकले करे और ो के परकले करे,0.9375,0.5,0.15675115585327148
xlsr_wav2vec2,clip_0007,957491_4xyIm2P6Xzlin341_0111,957491,indoor,indoor,5,0.125,0.875,टेक्स्ट कलर डायलॉग बॉक्स प्रदर्शित होता है red पर क्लिक करें और ok पर क्लिक करें,करे टखस्त कलहर डालो बोखस पगसे खोता हापरहड़ पर कले कर और ोके परकले करे,0.875,0.5,0.15793132781982422
xlsr_wav2vec2,clip_0008,478254_aVTioioyNUVPGF4t_0138,478254,clean,none,clean,0.6153846153846154,0.3846153846153846,file का name type करें phosphoric acid और save button पर click करें,ाल का नाम टाप करे फोसफोरक ऐसेड़ और सेब बटन परकले करेफाए,0.8461538461538461,0.6865671641791045,0.11967229843139648
xlsr_wav2vec2,clip_0008,478254_aVTioioyNUVPGF4t_0138,478254,traffic,traffic,15,0.6153846153846154,0.3846153846153846,file का name type करें phosphoric acid और save button पर click करें,पहल का नाम टाई  करे फोसफोरक ऐसेड़ और सेब बटन परकले करेपाए,0.8461538461538461,0.6865671641791045,0.12486505508422852
xlsr_wav2vec2,clip_0008,478254_aVTioioyNUVPGF4t_0138,478254,traffic,traffic,10,0.6153846153846154,0.3846153846153846,file का name type करें phosphoric acid और save button पर click करें,पाहल का नाम टाईप करे पोस्फोरक ऐसेठ और से बटनट पर कलेत करेफाए,0.7692307692307693,0.6716417910447762,0.12977099418640137
xlsr_wav2vec2,clip_0008,478254_aVTioioyNUVPGF4t_0138,478254,traffic,traffic,5,0.6153846153846154,0.3846153846153846,file का name type करें phosphoric acid और save button पर click करें,पासकहम टाई कर ोसफोरक ैसेथ और से बड़ा पर कलेत करेफाए,0.8461538461538461,0.7313432835820896,0.12755060195922852
xlsr_wav2vec2,clip_0008,478254_aVTioioyNUVPGF4t_0138,478254,babble,babble,15,0.6153846153846154,0.3846153846153846,file का name type करें phosphoric acid और save button पर click करें,रउशा फाईल का नाम टाई पकरे सरोसफोरेक ऐसेज़ और ुसेम बटंतपर  लेत करेफाए,0.9230769230769231,0.7761194029850746,0.1286334991455078
xlsr_wav2vec2,clip_0008,478254_aVTioioyNUVPGF4t_0138,478254,babble,babble,10,0.6153846153846154,0.3846153846153846,file का name type करें phosphoric acid और save button पर click करें,सीन पाहल का नाम उटाई पकरं ्पलेगों स पो रेक इनऐ सेड और से हब बड़न हरकले करंखिो मर हाए,1.3846153846153846,0.9701492537313433,0.13065195083618164
xlsr_wav2vec2,clip_0008,478254_aVTioioyNUVPGF4t_0138,478254,babble,babble,5,0.6153846153846154,0.3846153846153846,file का name type करें phosphoric acid और save button पर click करें,ह जावललडी हमवें रगना लुटाई लया खरे टो हवा पो रएक चो ऐसा औ यऔर रा सेप बटन परकले करेफाए,1.5384615384615385,1.0298507462686568,0.1254730224609375
xlsr_wav2vec2,clip_0008,478254_aVTioioyNUVPGF4t_0138,478254,indoor,indoor,15,0.6153846153846154,0.3846153846153846,file का name type करें phosphoric acid और save button पर click करें,पाहल का नाम टाई कर फोसफोरेक ऐसेड़ और सेब बड़न परिकले करे फाए,0.8461538461538461,0.7164179104477612,0.12776422500610352
xlsr_wav2vec2,clip_0008,478254_aVTioioyNUVPGF4t_0138,478254,indoor,indoor,10,0.6153846153846154,0.3846153846153846,file का name type करें phosphoric acid और save button पर click करें,पाहल का नाम टाई परे फोस्शोरक ऐसेध और सेभ बड़न परकले करे शाए,0.8461538461538461,0.7164179104477612,0.12473058700561523
xlsr_wav2vec2,clip_0008,478254_aVTioioyNUVPGF4t_0138,478254,indoor,indoor,5,0.6153846153846154,0.3846153846153846,file का name type करें phosphoric acid और save button पर click करें,पाहईल का नाम टाएप करे पस्फोरक ऐसेध और सेड़ बटन परकले करेपाए,0.8461538461538461,0.7014925373134329,0.1269080638885498
xlsr_wav2vec2,clip_0009,921151_kvxzesc5pGxL6dnk_0022,921151,clean,none,clean,0.2857142857142857,0.7142857142857143,हम अतिरिक्त plugins options देख सकते हैं,त पलगंस औब सन देक सकती हैइल को हम अपनी आ,1.5714285714285714,0.95,0.08747434616088867
xlsr_wav2vec2,clip_0009,921151_kvxzesc5pGxL6dnk_0022,921151,traffic,traffic,15,0.2857142857142857,0.7142857142857143,हम अतिरिक्त plugins options देख सकते हैं,ट लगेतऔप सनम देक सकते हैहिल को हम अपनी आ,1.4285714285714286,0.925,0.08654475212097168
xlsr_wav2vec2,clip_0009,921151_kvxzesc5pGxL6dnk_0022,921151,traffic,traffic,10,0.2857142857142857,0.7142857142857143,हम अतिरिक्त plugins options देख सकते हैं,ुत लगैस अब सम देक सकते होपिल को हम अपतहे खा,1.4285714285714286,0.925,0.0896601676940918
xlsr_wav2vec2,clip_0009,921151_kvxzesc5pGxL6dnk_0022,921151,traffic,traffic,5,0.2857142857142857,0.7142857142857143,हम अतिरिक्त plugins options देख सकते हैं,्तु लगेल औप सन देक सकती हैकिल को हम अपनी आ,1.5714285714285714,0.975,0.08614611625671387
xlsr_wav2vec2,clip_0009,921151_kvxzesc5pGxL6dnk_0022,921151,babble,babble,15,0.2857142857142857,0.7142857142857143,हम अतिरिक्त plugins options देख सकते हैं,ट लगंस क्या आबसन देक सकती हैगान सवी अन आलन भाल कोहम अपनी आ,2.0,1.25,0.08973813056945801
xlsr_wav2vec2,clip_0009,921151_kvxzesc5pGxL6dnk_0022,921151,babble,babble,10,0.2857142857142857,0.7142857142857143,हम अतिरिक्त plugins options देख सकते हैं,सुसशी लबेर बब्र मापइंशरंतेक सरती हैइन्मशोवान अब मगी आ,1.2857142857142858,1.175,0.08243703842163086
xlsr_wav2vec2,clip_0009,921151_kvxzesc5pGxL6dnk_0022,921151,babble,babble,5,0.2857142857142857,0.7142857142857143,हम अतिरिक्त plugins options देख सकते हैं,सस फरएन स्बीठा बसन देक सकते हैँशुयीस हब थुम की कोहाँथ आपनी आ,1.7142857142857142,1.3,0.09156537055969238
xlsr_wav2vec2,clip_0009,921151_kvxzesc5pGxL6dnk_0022,921151,indoor,indoor,15,0.2857142857142857,0.7142857142857143,हम अतिरिक्त plugins options देख सकते हैं,त लगे हउतअब सन देक सकती हैपइल को हम अतनी आ,1.5714285714285714,0.975,0.0875864028930664
xlsr_wav2vec2,clip_0009,921151_kvxzesc5pGxL6dnk_0022,921151,indoor,indoor,10,0.2857142857142857,0.7142857142857143,हम अतिरिक्त plugins options देख सकते हैं,टु लगिनत औप छम देक सकते हैइल को हम अपनी आ,1.4285714285714286,0.925,0.08620333671569824
xlsr_wav2vec2,clip_0009,921151_kvxzesc5pGxL6dnk_0022,921151,indoor,indoor,5,0.2857142857142857,0.7142857142857143,हम अतिरिक्त plugins options देख सकते हैं,ुछ पलगे पापखम देक सकते केपिल को नाम काप पूए का,1.5714285714285714,1.0,0.09174132347106934
xlsr_wav2vec2,clip_0010,161768_ZQC2TFqLsvNDq9bP_0057,161768,clean,none,clean,0.4375,0.5625,keep current format button पर click करें file ppt के रूप में सेव हो गई है,की करन फोर मेड़ बड़न पर ले करेफाहल पी पीट के रुकने सेर होगयी हैफाहए,0.9375,0.6986301369863014,0.15833091735839844
xlsr_wav2vec2,clip_0010,161768_ZQC2TFqLsvNDq9bP_0057,161768,traffic,traffic,15,0.4375,0.5625,keep current format button पर click करें file ppt के रूप में सेव हो गई है,की परन पोर मेड़ बड़न पर पड़े करेपहल पी पीट के रुकने सेर हो गयी हैपाए,0.875,0.6575342465753424,0.15670228004455566
xlsr_wav2vec2,clip_0010,161768_ZQC2TFqLsvNDq9bP_0057,161768,traffic,traffic,10,0.4375,0.5625,keep current format button पर click करें file ppt के रूप में सेव हो गई है,की परन फो मेड़ बड़न परकले करेपहल पी पीटी के रुकने सेर होगयई हैपाहए,0.9375,0.6986301369863014,0.1610569953918457
xlsr_wav2vec2,clip_0010,161768_ZQC2TFqLsvNDq9bP_0057,161768,traffic,traffic,5,0.4375,0.5625,keep current format button पर click करें file ppt के रूप में सेव हो गई है,की परन फोर मे बड़न पर लित करेपहल पी पीट के रुक्मे सेर हो गयी हैपाए,0.875,0.6438356164383562,0.16440558433532715
xlsr_wav2vec2,clip_0010,161768_ZQC2TFqLsvNDq9bP_0057,161768,babble,babble,15,0.4375,0.5625,keep current format button पर click करें file ppt के रूप में सेव हो गई है,डेस कबी बरन पो मेड़ बड़न पड़ालिकर हेफीठै वनआसा हम वीच पनीथ हस खा पाल पी पीड़ के रुक् से होगयई है इन वंछत बिभाल फर पाए,1.625,1.2602739726027397,0.15458273887634277
xlsr_wav2vec2,clip_0010,161768_ZQC2TFqLsvNDq9bP_0057,161768,babble,babble,10,0.4375,0.5625,keep current format button पर click करें file ppt के रूप में सेव हो गई है,सस्ते हि करन पोमेड़ बड़न परकली करेदुआएखा छू दिखत मा सफ पहल औड़ी पी टी के रुकना सेर होके है जत मा साऔपाए,1.375,1.1095890410958904,0.1559286117553711
xlsr_wav2vec2,clip_0010,161768_ZQC2TFqLsvNDq9bP_0057,161768,babble,babble,5,0.4375,0.5625,keep current format button पर click करें file ppt के रूप में सेव हो गई है,ो इम बसकी बरे परन थोल मना बड़म परस्मगे पिलड़ हें सभार पहरे आरेक औसह मैं पहलट दि बी दि े लुमस से हो गनाथसाए आसस्पेछन पस बाए,1.6875,1.3150684931506849,0.15976977348327637
xlsr_wav2vec2,clip_0010,161768_ZQC2TFqLsvNDq9bP_0057,161768,indoor,indoor,15,0.4375,0.5625,keep current format button पर click करें file ppt के रूप में सेव हो गई है,की परन पोनेड़ बड़न पर टे करहेेेपेेपपीपीपीीेपहल पी पीट के रुकन सेर हो गयी हैेपेेपेपेेपाए,0.8125,0.9178082191780822,0.16420531272888184
xlsr_wav2vec2,clip_0010,161768_ZQC2TFqLsvNDq9bP_0057,161768,indoor,indoor,10,0.4375,0.5625,keep current format button पर click करें file ppt के रूप में सेव हो गई है,की परन पोनेड़ बड़ल पर टलेत खरेेेेपेेपेेपेपेेफहल पी पीट के रुकनो सेर होगयई हैेपेपेेपेेपाए,0.875,0.9452054794520548,0.1586780548095703
xlsr_wav2vec2,clip_0010,161768_ZQC2TFqLsvNDq9bP_0057,161768,indoor,indoor,5,0.4375,0.5625,keep current format button पर click करें file ppt के रूप में सेव हो गई है,की करन पो मे बड़न पर टि करहैपहल पी पीट के रुकने सेर होगयी हैपाहए,0.9375,0.7123287671232876,0.1614513397216797
xlsr_wav2vec2,clip_0011,834022_lHGLSlYIb1clRBRF_0052,834022,clean,none,clean,0.1764705882352941,0.8235294117647058,ध्यान दें कि notes वैसे ही फ़ॉर्मेट हो गये हैं जैसा कि master notes में निर्धारित है,ज्यान दे की नूट वसही पोर मेट होगे है जैसा की मास्तर नोट मिन डदाईथ हैअब सी,1.0,0.5238095238095238,0.13763165473937988
xlsr_wav2vec2,clip_0011,834022_lHGLSlYIb1clRBRF_0052,834022,traffic,traffic,15,0.1764705882352941,0.8235294117647058,ध्यान दें कि notes वैसे ही फ़ॉर्मेट हो गये हैं जैसा कि master notes में निर्धारित है,ज्ान दे की नूट वहसही पोर मेट होगे है जासा की मास्तर नोट मिन डदाई थैअब सी,1.0,0.5357142857142857,0.13809943199157715
xlsr_wav2vec2,clip_0011,834022_lHGLSlYIb1clRBRF_0052,834022,traffic,traffic,10,0.1764705882352941,0.8235294117647058,ध्यान दें कि notes वैसे ही फ़ॉर्मेट हो गये हैं जैसा कि master notes में निर्धारित है,जान दे की लोध जैसहीं पोर मेट होगे है जासा की मास्तर नोट मेन डदाई थैअब सी,1.0,0.5476190476190477,0.1392052173614502
xlsr_wav2vec2,clip_0011,834022_lHGLSlYIb1clRBRF_0052,834022,traffic,traffic,5,0.1764705882352941,0.8235294117647058,ध्यान दें कि notes वैसे ही फ़ॉर्मेट हो गये हैं जैसा कि master notes में निर्धारित है,जान दे की नूट वसही पोर मेट होगे है जैसा कि मास्टर नोट मिन रताई थहैअब सी,0.9411764705882353,0.5357142857142857,0.14092159271240234
xlsr_wav2vec2,clip_0011,834022_lHGLSlYIb1clRBRF_0052,834022,babble,babble,15,0.1764705882352941,0.8235294117647058,ध्यान दें कि notes वैसे ही फ़ॉर्मेट हो गये हैं जैसा कि master notes में निर्धारित है,और सी हँसजी इज़ानदे बिकी उनूट गसे हीं पोर मेट हो गहें शर अब जासा की मास्कर नोट मिल रदाई थागी ऐसअब सी,1.2941176470588236,0.8095238095238095,0.1388874053955078
xlsr_wav2vec2,clip_0011,834022_lHGLSlYIb1clRBRF_0052,834022,babble,babble,10,0.1764705882352941,0.8235294117647058,ध्यान दें कि notes वैसे ही फ़ॉर्मेट हो गये हैं जैसा कि master notes में निर्धारित है,वुल युजान दे फोनली मूट  वहसही फोल नड़ हो ग हें जासा की मास्टर नोचमिन रदाई थैअब सीख,1.0,0.6904761904761905,0.1359090805053711
xlsr_wav2vec2,clip_0011,834022_lHGLSlYIb1clRBRF_0052,834022,babble,babble,5,0.1764705882352941,0.8235294117647058,ध्यान दें कि notes वैसे ही फ़ॉर्मेट हो गये हैं जैसा कि master notes में निर्धारित है,तूशकपरोक द्यान दे रहयो की नूट  वैसहीं बोरनठूर अगहै जासा कि मास्चर नोए बम जदाई पड़वादों पोड़ब सी,1.0588235294117647,0.8214285714285714,0.13691163063049316
xlsr_wav2vec2,clip_0011,834022_lHGLSlYIb1clRBRF_0052,834022,indoor,indoor,15,0.1764705882352941,0.8235294117647058,ध्यान दें कि notes वैसे ही फ़ॉर्मेट हो गये हैं जैसा कि master notes में निर्धारित है,जाम दे की नूछ वसहीं पोरनट होगे है जासा कि मास्तर नोट मे डदाई हथैँअब सी,1.0,0.5952380952380952,0.13641142845153809
xlsr_wav2vec2,clip_0011,834022_lHGLSlYIb1clRBRF_0052,834022,indoor,indoor,10,0.1764705882352941,0.8235294117647058,ध्यान दें कि notes वैसे ही फ़ॉर्मेट हो गये हैं जैसा कि master notes में निर्धारित है,ध्यान दे की नूछ  वसेही पोर मेट होगे है जसा की मास्तर नोट मिन डताई थैअब सी,0.9411764705882353,0.5,0.13850164413452148
xlsr_wav2vec2,clip_0011,834022_lHGLSlYIb1clRBRF_0052,834022,indoor,indoor,5,0.1764705882352941,0.8235294117647058,ध्यान दें कि notes वैसे ही फ़ॉर्मेट हो गये हैं जैसा कि master notes में निर्धारित है,द्यान दे कि मूट वहसे ही फोर मेट हूग है जासा की मास्कर नोट मिन रत हाईथ ैअब सीथ,1.0,0.5357142857142857,0.1361403465270996
xlsr_wav2vec2,clip_0012,388577_LPGZ2Jo8uBX4sx76_0058,388577,clean,none,clean,0.5,0.5,main menu पर जाएँ और view और side panel पर click करें,हनियों पर ज़ाए र  बियू और साईट पैहनल पर कली करेसाईट पहनल गनी,0.9166666666666666,0.8301886792452831,0.1042630672454834
xlsr_wav2vec2,clip_0012,388577_LPGZ2Jo8uBX4sx76_0058,388577,traffic,traffic,15,0.5,0.5,main menu पर जाएँ और view और side panel पर click करें,हनियों पर चाए और बिू और साई पहनल पर खलिट करेसाईट पहनल गरनी,0.8333333333333334,0.8113207547169812,0.11337780952453613
xlsr_wav2vec2,clip_0012,388577_LPGZ2Jo8uBX4sx76_0058,388577,traffic,traffic,10,0.5,0.5,main menu पर जाएँ और view और side panel पर click करें,ेनी परचा ए और सबियू और साईट पन पर कले करसाईथ पैहनल गयएे,0.9166666666666666,0.8301886792452831,0.10581231117248535
xlsr_wav2vec2,clip_0012,388577_LPGZ2Jo8uBX4sx76_0058,388577,traffic,traffic,5,0.5,0.5,main menu पर जाएँ और view और side panel पर click करें,िली परचाए और गुगयो और साईट पहनल पर से खरेसाईर पहनल गरी,0.9166666666666666,0.8113207547169812,0.10672211647033691
xlsr_wav2vec2,clip_0012,388577_LPGZ2Jo8uBX4sx76_0058,388577,babble,babble,15,0.5,0.5,main menu पर जाएँ और view और side panel पर click करें,ेनी परचा ए औरज़ बियू बोटकाईर खेहनल पर सकली करेसाईट पहनन गिना,1.0,0.9245283018867925,0.10833191871643066
xlsr_wav2vec2,clip_0012,388577_LPGZ2Jo8uBX4sx76_0058,388577,babble,babble,10,0.5,0.5,main menu पर जाएँ और view और side panel पर click करें,ेनियों पर चा है इतसऔर मुश गियूँ और खाई वानल पर कले करिल टे दस्क्याोँं डोस पड़ाईट पहनल गरने,1.4166666666666667,1.3584905660377358,0.10453557968139648
xlsr_wav2vec2,clip_0012,388577_LPGZ2Jo8uBX4sx76_0058,388577,babble,babble,5,0.5,0.5,main menu पर जाएँ और view और side panel पर click करें,हनिं पर गोना ए साल औरस्त गियो यासराएत उकिनाल ड़र माल खरे या स्टड़े ारा इस पहनहली गरी,1.5,1.2641509433962264,0.10573363304138184
xlsr_wav2vec2,clip_0012,388577_LPGZ2Jo8uBX4sx76_0058,388577,indoor,indoor,15,0.5,0.5,main menu पर जाएँ और view और side panel पर click करें,ीनही परड़जा ए और बियू और साईट पहनल पर कले करेसाईट पैहनल दुन,0.9166666666666666,0.8301886792452831,0.10536742210388184
xlsr_wav2vec2,clip_0012,388577_LPGZ2Jo8uBX4sx76_0058,388577,indoor,indoor,10,0.5,0.5,main menu पर जाएँ और view और side panel पर click करें,ेनिी पर चाए और बिूँ और साईट पहन परकली खरेसाईट पहनल गर,0.8333333333333334,0.7735849056603774,0.10721874237060547
xlsr_wav2vec2,clip_0012,388577_LPGZ2Jo8uBX4sx76_0058,388577,indoor,indoor,5,0.5,0.5,main menu पर जाएँ और view और side panel पर click करें,ेनी पर जाए और बियूँ और साईट पहनल पहकली करेसाईट पैहनल गरनी,0.8333333333333334,0.8113207547169812,0.10661911964416504
xlsr_wav2vec2,clip_0013,103085_w5Jyq3XMbb3WwiKQ_0004,103085,clean,none,clean,0.1111111111111111,0.8888888888888888,चलिए देखते हैं कि screen पर क्या क्या है,टोहल में बनाय ाआथाछले देते हैं की स्कीन पर क्या क्या हैम,0.8888888888888888,0.725,0.08696603775024414
xlsr_wav2vec2,clip_0013,103085_w5Jyq3XMbb3WwiKQ_0004,103085,traffic,traffic,15,0.1111111111111111,0.8888888888888888,चलिए देखते हैं कि screen पर क्या क्या है,टोड़ मे बनाय आथाशेदे देते हैँ की स्कीर पर क्या क्या है,0.8888888888888888,0.675,0.09076380729675293
xlsr_wav2vec2,clip_0013,103085_w5Jyq3XMbb3WwiKQ_0004,103085,traffic,traffic,10,0.1111111111111111,0.8888888888888888,चलिए देखते हैं कि screen पर क्या क्या है,ेोलने बलाया थाशेदे देते है के सकील पर क्या क्या है,0.7777777777777778,0.625,0.09209537506103516
xlsr_wav2vec2,clip_0013,103085_w5Jyq3XMbb3WwiKQ_0004,103085,traffic,traffic,5,0.1111111111111111,0.8888888888888888,चलिए देखते हैं कि screen पर क्या क्या है,ल ने बनाय ाठाशडे देते हैँ की सकीर पर क्या क्या है,0.8888888888888888,0.625,0.08384442329406738
xlsr_wav2vec2,clip_0013,103085_w5Jyq3XMbb3WwiKQ_0004,103085,babble,babble,15,0.1111111111111111,0.8888888888888888,चलिए देखते हैं कि screen पर क्या क्या है,टोल में बनाया थाक हं रनटमीित लछले देखते है की सक्कीन पर क्या क्या है इंडछा,1.2222222222222223,1.125,0.0901792049407959
xlsr_wav2vec2,clip_0013,103085_w5Jyq3XMbb3WwiKQ_0004,103085,babble,babble,10,0.1111111111111111,0.8888888888888888,चलिए देखते हैं कि screen पर क्या क्या है,टोल में बनाया थानेई को हाई चाक्ले देखत ैँ कसली ही पर क्या क्या है ाई कहोँ गा,1.5555555555555556,1.3,0.08556723594665527
xlsr_wav2vec2,clip_0013,103085_w5Jyq3XMbb3WwiKQ_0004,103085,babble,babble,5,0.1111111111111111,0.8888888888888888,चलिए देखते हैं कि screen पर क्या क्या है,पल में बनायाथ मोड़ अब मेजलम सुशेले देते हैँ की जअपड़ियो परक औक्याके लहै दिन दटनोर,1.7777777777777777,1.45,0.0900583267211914
xlsr_wav2vec2,clip_0013,103085_w5Jyq3XMbb3WwiKQ_0004,103085,indoor,indoor,15,0.1111111111111111,0.8888888888888888,चलिए देखते हैं कि screen पर क्या क्या है,ोल ने बनाय आथाशदे देखते हैँ के स्कुईन पर क्या क्या है,0.7777777777777778,0.6,0.08725881576538086
xlsr_wav2vec2,clip_0013,103085_w5Jyq3XMbb3WwiKQ_0004,103085,indoor,indoor,10,0.1111111111111111,0.8888888888888888,चलिए देखते हैं कि screen पर क्या क्या है,टोल में बनाय आथाशले देत हैं की स्खीर पर क्या क्या है,0.7777777777777778,0.65,0.0875399112701416
xlsr_wav2vec2,clip_0013,103085_w5Jyq3XMbb3WwiKQ_0004,103085,indoor,indoor,5,0.1111111111111111,0.8888888888888888,चलिए देखते हैं कि screen पर क्या क्या है,डो में बनाय आथाछले देता हैं की स्खीर कर क्या क्या हैम,1.0,0.725,0.09024596214294434
xlsr_wav2vec2,clip_0014,656144_VU6OA7HUqTpQNtm2_0035,656144,clean,none,clean,0.2727272727272727,0.7272727272727273,उदाहरण के लिए : मैं xenon के लिए xe type करुँगी,उदारण के लिए मैज़नोन के लिये ऐस इ टाप करूँगी,0.8181818181818182,0.425531914893617,0.10017275810241699
xlsr_wav2vec2,clip_0014,656144_VU6OA7HUqTpQNtm2_0035,656144,traffic,traffic,15,0.2727272727272727,0.7272727272727273,उदाहरण के लिए : मैं xenon के लिए xe type करुँगी,उदारण के लिए मैज़नोन के लिगये ऐकस इ टा करूँगी,0.8181818181818182,0.44680851063829785,0.10528707504272461
xlsr_wav2vec2,clip_0014,656144_VU6OA7HUqTpQNtm2_0035,656144,traffic,traffic,10,0.2727272727272727,0.7272727272727273,उदाहरण के लिए : मैं xenon के लिए xe type करुँगी,उधारण खे लिए मैज़नोन के लिये ऐस इ टाई करूँगी,0.9090909090909091,0.46808510638297873,0.10674357414245605
xlsr_wav2vec2,clip_0014,656144_VU6OA7HUqTpQNtm2_0035,656144,traffic,traffic,5,0.2727272727272727,0.7272727272727273,उदाहरण के लिए : मैं xenon के लिए xe type करुँगी,उधारण के लिए मैधनोन के लियए अबसती ता थरूँ जी,0.8181818181818182,0.5106382978723404,0.10653448104858398
xlsr_wav2vec2,clip_0014,656144_VU6OA7HUqTpQNtm2_0035,656144,babble,babble,15,0.2727272727272727,0.7272727272727273,उदाहरण के लिए : मैं xenon के लिए xe type करुँगी,नो मुदारण के लिए न्प्स मज़नोन के लिगे एस इ टाहु करूँगी अलाव है छस्ते ए,1.2727272727272727,0.9148936170212766,0.10897350311279297
xlsr_wav2vec2,clip_0014,656144_VU6OA7HUqTpQNtm2_0035,656144,babble,babble,10,0.2727272727272727,0.7272727272727273,उदाहरण के लिए : मैं xenon के लिए xe type करुँगी,मन उडारंट खोए लिए जन्खाने ज़नोन के लिगये या डाग इ इनहोगाल दकलँगी सेमा वाएट,1.2727272727272727,1.127659574468085,0.10547995567321777
xlsr_wav2vec2,clip_0014,656144_VU6OA7HUqTpQNtm2_0035,656144,babble,babble,5,0.2727272727272727,0.7272727272727273,उदाहरण के लिए : मैं xenon के लिए xe type करुँगी,कउदारट खेलिहरी मैधनोनो गे लुये अरोसी होा कर वोम सदमछीन,1.0,0.8085106382978723,0.10565185546875
xlsr_wav2vec2,clip_0014,656144_VU6OA7HUqTpQNtm2_0035,656144,indoor,indoor,15,0.2727272727272727,0.7272727272727273,उदाहरण के लिए : मैं xenon के लिए xe type करुँगी,कउदारठ के लिए मैज़नोन के लिये ऐस इ टाई करूँगी,0.8181818181818182,0.46808510638297873,0.1036996841430664
xlsr_wav2vec2,clip_0014,656144_VU6OA7HUqTpQNtm2_0035,656144,indoor,indoor,10,0.2727272727272727,0.7272727272727273,उदाहरण के लिए : मैं xenon के लिए xe type करुँगी,पुदारण के लिए मै जनोन के लिगे ऐस इ ताई करूँगी,0.8181818181818182,0.44680851063829785,0.10591626167297363
xlsr_wav2vec2,clip_0014,656144_VU6OA7HUqTpQNtm2_0035,656144,indoor,indoor,5,0.2727272727272727,0.7272727272727273,उदाहरण के लिए : मैं xenon के लिए xe type करुँगी,कउधारठट के लिए मैज़नोन के लिगे अखसकी टाई करूँगी,0.7272727272727273,0.5531914893617021,0.10392451286315918
xlsr_wav2vec2,clip_0015,318923_NhV290ew2hDJfVqc_0113,318923,clean,none,clean,0.5555555555555556,0.4444444444444444,company header named का एक नया custom snippet बनाएँ,र नाम का एकनाया कस्चतम इसनी पर बना एएडि पहनल मे कम्प,1.3333333333333333,0.9019607843137255,0.10201120376586914
xlsr_wav2vec2,clip_0015,318923_NhV290ew2hDJfVqc_0113,318923,traffic,traffic,15,0.5555555555555556,0.4444444444444444,company header named का एक नया custom snippet बनाएँ,र नाम का एकनाया कस्चम इसनी पड़ बना आएएडिक पहनल मे कम्पप,1.3333333333333333,0.8823529411764706,0.10051989555358887
xlsr_wav2vec2,clip_0015,318923_NhV290ew2hDJfVqc_0113,318923,traffic,traffic,10,0.5555555555555556,0.4444444444444444,company header named का एक नया custom snippet बनाएँ,र नाम का एक नया कस्चम इसनी पड़ परना आएईपैडेट पहनल में कम्प,1.2222222222222223,0.9607843137254902,0.10944819450378418
xlsr_wav2vec2,clip_0015,318923_NhV290ew2hDJfVqc_0113,318923,traffic,traffic,5,0.5555555555555556,0.4444444444444444,company header named का एक नया custom snippet बनाएँ,नाम का इतनाया कर ्चोम सससी पड़ पल आएईपैहडेक पहनल मे खाम,1.3333333333333333,0.9607843137254902,0.10254478454589844
xlsr_wav2vec2,clip_0015,318923_NhV290ew2hDJfVqc_0113,318923,babble,babble,15,0.5555555555555556,0.4444444444444444,company header named का एक नया custom snippet बनाएँ,नाम का इतनाया कात सुन इसकी पड़ बना ए य खेैत मै कहर और छाडिट पहनर मे कम्प,2.0,1.1764705882352942,0.10564541816711426
xlsr_wav2vec2,clip_0015,318923_NhV290ew2hDJfVqc_0113,318923,babble,babble,10,0.5555555555555556,0.4444444444444444,company header named का एक नया custom snippet बनाएँ,र नाम का रोए औनाया अगस चमती पोली पड़ बना आएलोकिन मा फेस वा भागेत सहनल मे काँ,2.0,1.2156862745098038,0.10376310348510742
xlsr_wav2vec2,clip_0015,318923_NhV290ew2hDJfVqc_0113,318923,babble,babble,5,0.5555555555555556,0.4444444444444444,company header named का एक नया custom snippet बनाएँ,र नाम का एक लहम टस्चम इसनी पर बन गायीं बेज़ चूल बसस पेथअलागेच पयहनल मेर कमप,1.7777777777777777,1.2352941176470589,0.1029818058013916
xlsr_wav2vec2,clip_0015,318923_NhV290ew2hDJfVqc_0113,318923,indoor,indoor,15,0.5555555555555556,0.4444444444444444,company header named का एक नया custom snippet बनाएँ,र नाम का एकनाया कस्चम इसली पड़ बना आएपैडेर पहनल मे कम्प,1.3333333333333333,0.9019607843137255,0.10816407203674316
xlsr_wav2vec2,clip_0015,318923_NhV290ew2hDJfVqc_0113,318923,indoor,indoor,10,0.5555555555555556,0.4444444444444444,company header named का एक नया custom snippet बनाएँ,र नाम का एकनाया कस्चम इसली पड़ बना आईएडिक पहनल में खाँम,1.3333333333333333,0.8823529411764706,0.10276293754577637
xlsr_wav2vec2,clip_0015,318923_NhV290ew2hDJfVqc_0113,318923,indoor,indoor,5,0.5555555555555556,0.4444444444444444,company header named का एक नया custom snippet बनाएँ,नाम का एक मया कसचम इसली पर बहना आएपैडेट पहनल ने कम,1.3333333333333333,0.9019607843137255,0.1053166389465332
xlsr_wav2vec2,clip_0016,478254_aVTioioyNUVPGF4t_0002,478254,clean,none,clean,0.2,0.8,* jchempaint के बारे में,ँगे जे क्याम पेट की बारे में जेक्यहमपे,1.2,1.0833333333333333,0.054090261459350586
xlsr_wav2vec2,clip_0016,478254_aVTioioyNUVPGF4t_0002,478254,traffic,traffic,15,0.2,0.8,* jchempaint के बारे में,ँगे जे क्याम पेट की बारे में जे क्यहम पे,1.6,1.1666666666666667,0.05048561096191406
xlsr_wav2vec2,clip_0016,478254_aVTioioyNUVPGF4t_0002,478254,traffic,traffic,10,0.2,0.8,* jchempaint के बारे में,ँगे जे क्याम पेठट की बारे में जेक्यहमपे,1.2,1.125,0.04344677925109863
xlsr_wav2vec2,clip_0016,478254_aVTioioyNUVPGF4t_0002,478254,traffic,traffic,5,0.2,0.8,* jchempaint के बारे में,ँगे मजे कयम पीन की बारे में जे केहमपे,1.4,1.0416666666666667,0.05038809776306152
xlsr_wav2vec2,clip_0016,478254_aVTioioyNUVPGF4t_0002,478254,babble,babble,15,0.2,0.8,* jchempaint के बारे में,ँगे जे क्याम पेट की बारेल में जेकहम पे,1.6,1.0833333333333333,0.04594063758850098
xlsr_wav2vec2,clip_0016,478254_aVTioioyNUVPGF4t_0002,478254,babble,babble,10,0.2,0.8,* jchempaint के बारे में,गे अनजे क्यहम पेलट की बारे में बुछे केन होे,1.6,1.2916666666666667,0.05140042304992676
xlsr_wav2vec2,clip_0016,478254_aVTioioyNUVPGF4t_0002,478254,babble,babble,5,0.2,0.8,* jchempaint के बारे में,बोना जेह क्याम पेट की बारे में कैछवान जपे,1.4,1.2083333333333333,0.043822526931762695
xlsr_wav2vec2,clip_0016,478254_aVTioioyNUVPGF4t_0002,478254,indoor,indoor,15,0.2,0.8,* jchempaint के बारे में,ँगे जे क्याम पेट की बारे में जेक्हम पे,1.4,1.0833333333333333,0.04953598976135254
xlsr_wav2vec2,clip_0016,478254_aVTioioyNUVPGF4t_0002,478254,indoor,indoor,10,0.2,0.8,* jchempaint के बारे में,ँगे जेकहम पेट की बारे में जेकेहमपे,1.0,0.9583333333333334,0.044835805892944336
xlsr_wav2vec2,clip_0016,478254_aVTioioyNUVPGF4t_0002,478254,indoor,indoor,5,0.2,0.8,* jchempaint के बारे में,ँगे जेक्या पेीठट की बारे में जेकेम पे,1.2,1.0416666666666667,0.049675703048706055
xlsr_wav2vec2,clip_0017,521245_Psh5UDSFbhWLZ3gk_0027,521245,clean,none,clean,0.2222222222222222,0.7777777777777778,डिफॉल्ट रूप से subject और contains भी चुनित हैं,डिफोटटरुप से सब्जट और कंटीन सपीहचुनेथ हैंअगले फील,0.7777777777777778,0.7021276595744681,0.12290477752685547
xlsr_wav2vec2,clip_0017,521245_Psh5UDSFbhWLZ3gk_0027,521245,traffic,traffic,15,0.2222222222222222,0.7777777777777778,डिफॉल्ट रूप से subject और contains भी चुनित हैं,बिफोट रुप से सब्जट और कंटीन सबिही चुनेथ हैंअगले फील,0.8888888888888888,0.6808510638297872,0.12534880638122559
xlsr_wav2vec2,clip_0017,521245_Psh5UDSFbhWLZ3gk_0027,521245,traffic,traffic,10,0.2222222222222222,0.7777777777777778,डिफॉल्ट रूप से subject और contains भी चुनित हैं,बिफोट उसे सब्जट और कंटीन सपीहचो ने थाँअगने फील,1.0,0.8297872340425532,0.12535429000854492
xlsr_wav2vec2,clip_0017,521245_Psh5UDSFbhWLZ3gk_0027,521245,traffic,traffic,5,0.2222222222222222,0.7777777777777778,डिफॉल्ट रूप से subject और contains भी चुनित हैं,बिफोट रुप से सब्जट और कंटीन स्पीहचोनेत हैअगले फील,0.7777777777777778,0.7021276595744681,0.12469077110290527
xlsr_wav2vec2,clip_0017,521245_Psh5UDSFbhWLZ3gk_0027,521245,babble,babble,15,0.2222222222222222,0.7777777777777778,डिफॉल्ट रूप से subject और contains भी चुनित हैं,दगाड वोक  गछू डिफोट उसे सनप सब्ज़कपली और कंटीन सपीहचुने थैबिनमा अगली फील,1.3333333333333333,1.2127659574468086,0.12435054779052734
xlsr_wav2vec2,clip_0017,521245_Psh5UDSFbhWLZ3gk_0027,521245,babble,babble,10,0.2222222222222222,0.7777777777777778,डिफॉल्ट रूप से subject और contains भी चुनित हैं,मफम्ोन फमेली पोट रो से बालंट सब्जट और खुी गगलीन स बिछचूं ने था औगअगले फील,1.5555555555555556,1.2127659574468086,0.12219810485839844
xlsr_wav2vec2,clip_0017,521245_Psh5UDSFbhWLZ3gk_0027,521245,babble,babble,5,0.2222222222222222,0.7777777777777778,डिफॉल्ट रूप से subject और contains भी चुनित हैं,प वहाथ वहन सझी फस् पोँई दिलफोट उप से सब्जकट और मैं गड़्बीनते पियों उन्हा ठरफ ियह उते अगले फील,2.0,1.6170212765957446,0.12610960006713867
xlsr_wav2vec2,clip_0017,521245_Psh5UDSFbhWLZ3gk_0027,521245,indoor,indoor,15,0.2222222222222222,0.7777777777777778,डिफॉल्ट रूप से subject और contains भी चुनित हैं,बि पोट रुप से सब्जट और कंटीन सबीहचु नेथ हैंअगले फील,1.0,0.7446808510638298,0.12271833419799805
xlsr_wav2vec2,clip_0017,521245_Psh5UDSFbhWLZ3gk_0027,521245,indoor,indoor,10,0.2222222222222222,0.7777777777777778,डिफॉल्ट रूप से subject और contains भी चुनित हैं,डिफोटरुप से सब्जकट और कंटीन सपीह चुने थैंअगले फील,0.8888888888888888,0.723404255319149,0.1239783763885498
xlsr_wav2vec2,clip_0017,521245_Psh5UDSFbhWLZ3gk_0027,521245,indoor,indoor,5,0.2222222222222222,0.7777777777777778,डिफॉल्ट रूप से subject और contains भी चुनित हैं,बिफोट रुप से सब्जट और कंटीन सबिहीचुने थहैंअगली फील,0.7777777777777778,0.723404255319149,0.12389302253723145
xlsr_wav2vec2,clip_0018,323507_HgEJsLGKNWSFl8T7_0108,323507,clean,none,clean,0.4615384615384615,0.5384615384615384,spoken tutorial project team spoken tutorial का उपयोग करके कार्यशालाएँ भी चलाते हैं,कर के भी देक सकते हैस्पूकन टीरूल पोझे टीम स्पूकन टिटूल का उप्यों करिके काड़े छालाई भी चलाते है,1.2307692307692308,0.7108433734939759,0.12516283988952637
xlsr_wav2vec2,clip_0018,323507_HgEJsLGKNWSFl8T7_0108,323507,traffic,traffic,15,0.4615384615384615,0.5384615384615384,spoken tutorial project team spoken tutorial का उपयोग करके कार्यशालाएँ भी चलाते हैं,कर के भी देक सकते हैस्पूकर टी धूल बोजेक टीव ्पूकरन टी टूल का उप्यों करतके काड़े छालाई भी चलाते है,1.3846153846153846,0.7469879518072289,0.12271595001220703
xlsr_wav2vec2,clip_0018,323507_HgEJsLGKNWSFl8T7_0108,323507,traffic,traffic,10,0.4615384615384615,0.5384615384615384,spoken tutorial project team spoken tutorial का उपयोग करके कार्यशालाएँ भी चलाते हैं,कर के भी देक सकते हैस्पूकन टीरूल पोजेक टीम पूकरन टी टूल का उप्यों करिके कारे छालाई भी चलाते है,1.3076923076923077,0.7108433734939759,0.1269364356994629
xlsr_wav2vec2,clip_0018,323507_HgEJsLGKNWSFl8T7_0108,323507,traffic,traffic,5,0.4615384615384615,0.5384615384615384,spoken tutorial project team spoken tutorial का उपयोग करके कार्यशालाएँ भी चलाते हैं,कहते दिथे सकते हैस्पूटन की धे बोजा ती स्पूटरन टुटेल काहोपियेो केहोके काड़ छालाईगीं चलाता है,1.2307692307692308,0.8072289156626506,0.12370157241821289
xlsr_wav2vec2,clip_0018,323507_HgEJsLGKNWSFl8T7_0108,323507,babble,babble,15,0.4615384615384615,0.5384615384615384,spoken tutorial project team spoken tutorial का उपयोग करके कार्यशालाएँ भी चलाते हैं,कर के भी दिक सकते हैहएमूक बूकन टीटोल बोजेर टीम स्पूकरन टिटूल का उप्यों करिके काड़े छालाई भी चला प्या थी,1.4615384615384615,0.8674698795180723,0.12289643287658691
xlsr_wav2vec2,clip_0018,323507_HgEJsLGKNWSFl8T7_0108,323507,babble,babble,10,0.4615384615384615,0.5384615384615384,spoken tutorial project team spoken tutorial का उपयोग करके कार्यशालाएँ भी चलाते हैं,कर के भी देक सकते हैलाहुच अटिम बुकन टिरोल बोझर टीसन पूकरन टिटूल गा उमडियों करसगिम कारे छालाई भी चलाते है,1.4615384615384615,0.8674698795180723,0.12467217445373535
xlsr_wav2vec2,clip_0018,323507_HgEJsLGKNWSFl8T7_0108,323507,babble,babble,5,0.4615384615384615,0.5384615384615384,spoken tutorial project team spoken tutorial का उपयोग करके कार्यशालाएँ भी चलाते हैं,कर के भी देख स ाहब फेद हैमस्पूगन की रूल पोजे टी पुशसी बोकर टी टोयों अमायों गरके कहर छालाई भी चलांतते है,1.6923076923076923,0.9036144578313253,0.12511420249938965
xlsr_wav2vec2,clip_0018,323507_HgEJsLGKNWSFl8T7_0108,323507,indoor,indoor,15,0.4615384615384615,0.5384615384615384,spoken tutorial project team spoken tutorial का उपयोग करके कार्यशालाएँ भी चलाते हैं,कर के भी देक सकते हैइस्पूकर टीरोल बोझेर टीब पूकर टी टोल का उप्यों करिके कारे छालाई भी चलाते है,1.3076923076923077,0.7108433734939759,0.12322640419006348
xlsr_wav2vec2,clip_0018,323507_HgEJsLGKNWSFl8T7_0108,323507,indoor,indoor,10,0.4615384615384615,0.5384615384615384,spoken tutorial project team spoken tutorial का उपयोग करके कार्यशालाएँ भी चलाते हैं,करके भी देक सकते है्पूकन टीटुएक डोजेक टीम च्पूकरन टीटूल का उप्यों करिके कड़ सालाई भी चलाते है,1.1538461538461537,0.7349397590361446,0.12380433082580566
xlsr_wav2vec2,clip_0018,323507_HgEJsLGKNWSFl8T7_0108,323507,indoor,indoor,5,0.4615384615384615,0.5384615384615384,spoken tutorial project team spoken tutorial का उपयोग करके कार्यशालाएँ भी चलाते हैं,कर के भी देक सकते हैबूखन टी रूल पोजेक टी पूकन की चूल का उप्यों कड़के कारे छालाई भी चलाते है,1.3846153846153846,0.6867469879518072,0.12000417709350586
xlsr_wav2vec2,clip_0019,133511_swLUjPHatcTk0wf8_0067,133511,clean,none,clean,0.1666666666666666,0.8333333333333334,मैंने  mac os x  पर इसको चला के परखा है परन्तु हम इसे यहाँ पर प्रदर्शित नहीं करेंगे,ै मैने मक औरर सेकखस पर इस्को चलाखे पर का है परंतू हम इसे यहाँ पर पड़ादर सेत नहीं कहरेगेअब हम इ,0.8333333333333334,0.42168674698795183,0.1774601936340332
xlsr_wav2vec2,clip_0019,133511_swLUjPHatcTk0wf8_0067,133511,traffic,traffic,15,0.1666666666666666,0.8333333333333334,मैंने  mac os x  पर इसको चला के परखा है परन्तु हम इसे यहाँ पर प्रदर्शित नहीं करेंगे,ै मैने मक औरर सेकस पर इस्को चलाखे पर का है परंतू हम इसेहाँ पर पड़ादर सेत नहीं कहरेगेअब हम ए,0.9444444444444444,0.4457831325301205,0.17325687408447266
xlsr_wav2vec2,clip_0019,133511_swLUjPHatcTk0wf8_0067,133511,traffic,traffic,10,0.1666666666666666,0.8333333333333334,मैंने  mac os x  पर इसको चला के परखा है परन्तु हम इसे यहाँ पर प्रदर्शित नहीं करेंगे,है मैने मक और सक पर इस्को चलाखे पर का है परंतू हम इसे यहाँ पर परजों सेट नहीं कहरेगेअब हम ए,0.8333333333333334,0.4457831325301205,0.17059540748596191
xlsr_wav2vec2,clip_0019,133511_swLUjPHatcTk0wf8_0067,133511,traffic,traffic,5,0.1666666666666666,0.8333333333333334,मैंने  mac os x  पर इसको चला के परखा है परन्तु हम इसे यहाँ पर प्रदर्शित नहीं करेंगे,है मने उन्ाक और सेक पर इस्को चलातसे परका है परंतो हम इसेईहाँ पर परगों सेत इन्हीं कहरगेअब हम इ,1.0,0.4819277108433735,0.1748030185699463
xlsr_wav2vec2,clip_0019,133511_swLUjPHatcTk0wf8_0067,133511,babble,babble,15,0.1666666666666666,0.8333333333333334,मैंने  mac os x  पर इसको चला के परखा है परन्तु हम इसे यहाँ पर प्रदर्शित नहीं करेंगे,है मैने मक औए सक उसा पर इस्को चलाखे पर का हैपरन तूब जछ हम इसे यहाँ पर रजर से नहीं कहरे गे जिप ुम इसवा मचची हाज़असपिर टू पक हम ए,1.4444444444444444,0.8674698795180723,0.1753981113433838
xlsr_wav2vec2,clip_0019,133511_swLUjPHatcTk0wf8_0067,133511,babble,babble,10,0.1666666666666666,0.8333333333333334,मैंने  mac os x  पर इसको चला के परखा है परन्तु हम इसे यहाँ पर प्रदर्शित नहीं करेंगे,है नुक मैने मर औए सै औड़ि बझ पर इस्को चलाखे मर का है दगाो मिरपरन तूश यगि हम इसेई हाँ और पर पराज़र सेत ैनहीं कहरे ये रवोड़ ससी रम्ब क्या अपने लबो पंसपोसक बेरीपवने अब हम ए,1.9444444444444444,1.3012048192771084,0.1750044822692871
xlsr_wav2vec2,clip_0019,133511_swLUjPHatcTk0wf8_0067,133511,babble,babble,5,0.1666666666666666,0.8333333333333334,मैंने  mac os x  पर इसको चला के परखा है परन्तु हम इसे यहाँ पर प्रदर्शित नहीं करेंगे,ह रह मैने मड़ और सेक हवाग पर इहो चलाखे पर का है हंग पोपरंतू हहै हम इलालिहाँ पा पर पड़ादर सेत नहीं कर गी होग िनतो खोअब हवाग,1.3333333333333333,0.8433734939759037,0.17006540298461914
xlsr_wav2vec2,clip_0019,133511_swLUjPHatcTk0wf8_0067,133511,indoor,indoor,15,0.1666666666666666,0.8333333333333334,मैंने  mac os x  पर इसको चला के परखा है परन्तु हम इसे यहाँ पर प्रदर्शित नहीं करेंगे,है मैने महक और सकसपर इस्को चलाके पर का है परंतू हम इसे यहाँ पर परगर सेथ इन्हीं कहरे गेअब हम इ,0.9444444444444444,0.4457831325301205,0.1719961166381836
xlsr_wav2vec2,clip_0019,133511_swLUjPHatcTk0wf8_0067,133511,indoor,indoor,10,0.1666666666666666,0.8333333333333334,मैंने  mac os x  पर इसको चला के परखा है परन्तु हम इसे यहाँ पर प्रदर्शित नहीं करेंगे,है मैने महक और सेक पर इसकों चलाते पर का है परंतू हम इसे यहाँ पर रगसे नहीं कहरे गेअब हम इ,0.8333333333333334,0.4578313253012048,0.17656946182250977
xlsr_wav2vec2,clip_0019,133511_swLUjPHatcTk0wf8_0067,133511,indoor,indoor,5,0.1666666666666666,0.8333333333333334,मैंने  mac os x  पर इसको चला के परखा है परन्तु हम इसे यहाँ पर प्रदर्शित नहीं करेंगे,ह मैने मक और सेक पर इस्को चलाखे पर का है परंतू के हम इसे हाँ पर पड़ादर सर इन्हीं चाहरेगेेअब हम ए,1.0,0.5301204819277109,0.17717623710632324
